,Symbol,Name,Company Token,Market Cap,Country
0,aadi,aadi bioscience inc. common stock,['aadi'],194029701.0,united states
3,abeo,abeona therapeutics inc. common stock,['abeona'],59198980.0,united states
5,abos,acumen pharmaceuticals inc. common stock,['acumen'],211997008.0,united states
6,absi,absci corporation common stock,['absci'],129352873.0,united states
8,abvc,abvc biopharma inc. common stock,['abvc'],26464592.0,united states
9,acad,acadia pharmaceuticals inc. common stock,['acadia'],3564197142.0,united states
11,acer,acer therapeutics inc. common stock (de),['acer'],17858920.0,united states
12,acet,adicet bio inc. common stock ,['adicet'],126354391.0,united states
17,aciu,ac immune sa common stock,['ac'],173094153.0,switzerland
18,aclx,arcellx inc. common stock,['arcellx'],2105455476.0,united states
22,acrx,acelrx pharmaceuticals inc. common stock,['acelrx'],7080616.0,united states
23,acst,acasti pharma inc. class a common stock,['acasti'],20071313.0,canada
24,acxp,acurx pharmaceuticals inc. common stock,['acurx'],34822444.0,united states
25,adag,adagene inc. american depositary shares,['adagene'],57958440.0,china
27,adct,adc therapeutics sa common shares,['adc'],159672203.0,
28,adil,adial pharmaceuticals inc common stock,['adial'],8420941.0,united states
29,adilw,adial pharmaceuticals inc warrant,['adial'],0.0,united states
31,admp,adamis pharmaceuticals corporation common stock,['adamis'],12902453.0,united states
36,adtx,aditxt inc. common stock,['aditxt'],3454639.0,united states
39,adxn,addex therapeutics ltd american depositary shares,['addex'],10562352.0,switzerland
42,afmd,affimed n.v.,"['affimed', '.']",131672492.0,germany
43,age,agex therapeutics inc. common stock,['agex'],22645517.0,
45,agio,agios pharmaceuticals inc. common stock,['agios'],1434651537.0,united states
46,agle,aeglea biotherapeutics inc. common stock,['aeglea'],10620174.0,united states
47,agrx,agile therapeutics inc. common stock,['agile'],5536680.0,united states
52,aimd,ainos inc. common stock,['ainos'],16009282.0,united states
53,aimdw,ainos inc. warrants,['ainos'],0.0,united states
56,akba,akebia therapeutics inc. common stock,['akebia'],190051858.0,united states
57,akro,akero therapeutics inc. common stock,['akero'],2122149283.0,united states
58,aktx,akari therapeutics plc ads,"['akari', 'ads']",17948061.0,united kingdom
60,aldx,aldeyra therapeutics inc. common stock,['aldeyra'],619272825.0,united states
61,alec,alector inc. common stock,['alector'],613576255.0,united states
62,algs,aligos therapeutics inc. common stock,['aligos'],54104512.0,united states
64,alim,alimera sciences inc. common stock,['alimera'],13731479.0,united states
65,alks,alkermes plc ordinary shares,['alkermes'],4830574379.0,ireland
66,allk,allakos inc. common stock,['allakos'],371343751.0,united states
68,allr,allarity therapeutics inc. common stock,['allarity'],1526583.0,united states
69,alpn,alpine immune sciences inc. common stock,['alpine'],355311388.0,united states
70,alrn,aileron therapeutics inc. common stock,['aileron'],6130575.0,united states
71,alt,altimmune inc. common stock,['altimmune'],244423151.0,united states
72,alvo,alvotech ordinary shares,['alvotech'],2574539879.0,luxembourg
74,alxo,alx oncology holdings inc. common stock,['alx'],259071731.0,united states
79,amlx,amylyx pharmaceuticals inc. common stock,['amylyx'],1944849427.0,united states
80,ampe,ampio pharmaceuticals inc.,"['ampio', '.']",3470641.0,united states
81,amph,amphastar pharmaceuticals inc. common stock,['amphastar'],1761460619.0,united states
82,amrn,amarin corporation plc,['amarin'],566531431.0,ireland
83,amrx,amneal pharmaceuticals inc. class a common stock,['amneal'],300498745.0,
86,anab,anaptysbio inc. common stock,['anaptysbio'],608896410.0,united states
87,aneb,anebulo pharmaceuticals inc. common stock,['anebulo'],62291281.0,united states
88,angn,angion biomedica corp. common stock,['angion'],22889796.0,united states
91,anip,ani pharmaceuticals inc.,"['ani', '.']",698043788.0,united states
92,anix,anixa biosciences inc. common stock,['anixa'],122153229.0,united states
93,annx,annexon inc. common stock,['annexon'],265594521.0,united states
95,antx,an2 therapeutics inc. common stock,['an2'],113117496.0,united states
96,anvs,annovis bio inc. common stock,['annovis'],117786079.0,united states
98,apgn,apexigen inc. common stock,['apexigen'],11093646.0,united states
99,apgnw,apexigen inc. warrant,['apexigen'],0.0,united states
100,aplt,applied therapeutics inc. common stock,['applied'],74094884.0,united states
101,apm,aptorum group limited class a ordinary shares,['aptorum'],18857710.0,hong kong
104,aptx,aptinyx inc. common stock,['aptinyx'],5281826.0,united states
105,apvo,aptevo therapeutics inc. common stock,['aptevo'],12467817.0,united states
107,aqst,aquestive therapeutics inc. common stock,['aquestive'],113417229.0,united states
108,arav,aravive inc. common stock,['aravive'],97547106.0,united states
110,arct,arcturus therapeutics holdings inc. common stock,['arcturus'],719255257.0,israel
111,ards,aridis pharmaceuticals inc. common stock,['aridis'],6457878.0,united states
112,ardx,ardelyx inc. common stock,['ardelyx'],956061034.0,united states
114,arqt,arcutis biotherapeutics inc. common stock,['arcutis'],903232978.0,united states
115,artl,artelo biosciences inc. common stock,['artelo'],4740442.0,united states
116,artlw,artelo biosciences inc. warrant,['artelo'],0.0,united states
117,arvn,arvinas inc. common stock,['arvinas'],1341908858.0,united states
118,arwr,arrowhead pharmaceuticals inc. common stock,['arrowhead'],4471043529.0,united states
120,asln,aslan pharmaceuticals limited american depositary shares,['aslan'],70620116.0,singapore
121,asmb,assembly biosciences inc. common stock,['assembly'],52223329.0,united states
122,asnd,ascendis pharma a/s american depositary shares,"['ascendis', 'a/s']",5413465382.0,denmark
123,asrt,assertio holdings inc. common stock,['assertio'],344005331.0,united states
125,atai,atai life sciences n.v. common shares,['atai'],334511109.0,germany
128,athe,alterity therapeutics limited american depositary shares,['alterity'],12122366.0,australia
129,athx,athersys inc. common stock,['athersys'],14539254.0,united states
131,atnf,180 life sciences corp. common stock,['180'],26361760.0,united states
132,atnfw,180 life sciences corp. warrant,['180'],0.0,united states
133,atnm,actinium pharmaceuticals inc. (delaware) common stock,['actinium'],227962218.0,united states
134,atnx,athenex inc. common stock,['athenex'],11608700.0,united states
140,atxi,avenue therapeutics inc. common stock,['avenue'],6063032.0,united states
141,atxs,astria therapeutics inc. common stock,['astria'],355814706.0,united states
142,auph,aurinia pharmaceuticals inc ordinary shares,['aurinia'],1657048994.0,canada
143,aura,aura biosciences inc. common stock,['aura'],368550995.0,united states
146,avdl,avadel pharmaceuticals plc american depositary shares,['avadel'],1148333780.0,france
151,avte,aerovate therapeutics inc. common stock,['aerovate'],542245372.0,united states
152,avtx,avalo therapeutics inc. common stock,['avalo'],34321391.0,united states
156,axla,axcella health inc. common stock,['axcella'],14287174.0,united states
158,axsm,axsome therapeutics inc. common stock,['axsome'],3199991836.0,united states
159,aytu,aytu biopharma inc.  common stock,['aytu'],5819232.0,united states
163,bbio,bridgebio pharma inc. common stock,['bridgebio'],2180275372.0,united states
167,bcda,biocardia inc. common stock,['biocardia'],41540679.0,united states
169,bcel,atreca inc. class a common stock,['atreca'],39156584.0,united states
173,bctxw,briacell therapeutics corp. warrant,['briacell'],0.0,canada
174,bcyc,bicycle therapeutics plc american depositary shares,['bicycle'],650706714.0,united kingdom
175,bdrx,biodexa pharmaceuticals plc american depositary shs,['biodexa'],3802754.0,united kingdom
181,bfri,biofrontera inc. common stock,['biofrontera'],15752411.0,united states
182,bfriw,biofrontera inc. warrants,['biofrontera'],0.0,united states
183,bgxx,bright green corporation common stock,"['bright', 'green']",194482548.0,united states
184,bhc,bausch health companies inc. common stock,['bausch'],2121622851.0,canada
186,bhvn,biohaven ltd. common shares ,['biohaven'],972027826.0,
193,bivi,biovie inc. class a common stock,['biovie'],290367799.0,united states
196,blcm,bellicum pharmaceuticals inc. common stock,['bellicum'],3618519.0,united states
198,blph,bellerophon therapeutics inc. common stock,['bellerophon'],94660556.0,united states
199,blrx,biolinerx ltd. american depositary shares,['biolinerx'],73221409.0,israel
200,blte,belite bio inc american depositary shares,['belite'],702595696.0,united states
203,bmea,biomea fusion inc. common stock,['biomea'],1150215974.0,united states
209,bntc,benitec biopharma inc. common stock,['benitec'],6141865.0,united states
210,bolt,bolt biotherapeutics inc. common stock,['bolt'],61635250.0,united states
212,bpmc,blueprint medicines corporation common stock,['blueprint'],3361477189.0,united states
213,bpth,bio-path holdings inc. common stock,['bio-path'],11860644.0,united states
214,bpts,biophytis sa american depositary share (0.01 euro),"['biophytis', '0.01']",10714965.0,france
217,btai,bioxcel therapeutics inc. common stock,['bioxcel'],675632093.0,united states
221,bttx,better therapeutics inc. common stock,['better'],29760559.0,united states
228,bwv,blue water biotech inc. common stock,"['blue', 'water']",16309058.0,united states
229,bxrx,baudax bio inc. common stock,['baudax'],1951946.0,united states
230,bysi,beyondspring inc. ordinary shares,['beyondspring'],27129641.0,united states
231,caba,cabaletta bio inc. common stock,['cabaletta'],395679986.0,united states
232,cadl,candel therapeutics inc. common stock,['candel'],48006885.0,united states
233,calt,calliditas therapeutics ab american depositary shares,"['calliditas', 'ab']",762988539.0,sweden
234,canf,can-fite biopharma ltd sponsored adr (israel),"['can-fite', 'adr']",8573861.0,israel
237,cara,cara therapeutics inc. common stock,['cara'],236677534.0,united states
238,carm,carisma therapeutics inc. common stock,['carisma'],0.0,united states
241,cbay,cymabay therapeutics inc. common stock,['cymabay'],1021970880.0,united states
242,cbio,catalyst biosciences inc. common stock,['catalyst'],6572154.0,united states
243,cccc,c4 therapeutics inc. common stock,['c4'],161377300.0,united states
249,cdmo,avid bioservices inc. common stock,"['avid', 'bioservices']",1165877124.0,united states
251,cdtx,cidara therapeutics inc. common stock,['cidara'],93458833.0,united states
254,celc,celcuity inc. common stock,['celcuity'],211471894.0,united states
256,celu,celularity inc. class a common stock,['celularity'],81804815.0,united states
257,celuw,celularity inc. warrant,['celularity'],0.0,united states
258,celz,creative medical technology holdings inc. common stock,['creative'],9008792.0,united states
259,cere,cerevel therapeutics holdings inc. common stock,['cerevel'],5056877243.0,united states
262,cfrx,contrafect corporation common stock,['contrafect'],2773558.0,united states
264,cgem,cullinan oncology inc. common stock,['cullinan'],376518262.0,united states
266,cgtx,cognition therapeutics inc. common stock,['cognition'],49428749.0,united states
270,cing,cingulate inc. common stock,['cingulate'],12616301.0,united states
271,cingw,cingulate inc. warrants,['cingulate'],0.0,united states
273,ckpt,checkpoint therapeutics inc. common stock,['checkpoint'],44818657.0,united states
277,clnn,clene inc. common stock,['clene'],72070144.0,united states
280,clrb,cellectar biosciences inc.  common stock,['cellectar'],14376988.0,united states
281,clsd,clearside biomedical inc. common stock,['clearside'],62591585.0,united states
284,cmmb,chemomab therapeutics ltd. american depositary share,['chemomab'],16712841.0,israel
285,cmnd,clearmind medicine inc. common shares,['clearmind'],3296865.0,canada
286,cmps,compass pathways plc american depository shares,"['compass', 'pathways']",360935749.0,united kingdom
287,cmpx,compass therapeutics inc. common stock,['compass'],420004810.0,united states
290,cmrx,chimerix inc. common stock,['chimerix'],102309064.0,united states
292,cnsp,cns pharmaceuticals inc. common stock,['cns'],3717963.0,united states
293,cnta,centessa pharmaceuticals plc american depositary shares,['centessa'],441569436.0,united kingdom
294,cntb,connect biopharma holdings limited american depositary shares,['connect'],66049496.0,china
296,cntx,context therapeutics inc. common stock,['context'],8781329.0,united states
297,cocp,cocrystal pharma inc. common stock,['cocrystal'],25841427.0,united states
301,cogt,cogent biosciences inc. common stock,['cogent'],801698727.0,united states
302,coll,collegium pharmaceutical inc. common stock,['collegium'],791559548.0,united states
303,cort,corcept therapeutics incorporated common stock,['corcept'],2446944569.0,united states
304,cosm,cosmos health inc. common stock,['cosmos'],33136490.0,united states
305,coya,coya therapeutics inc. common stock,['coya'],54529496.0,united states
306,cphi,china pharma holdings inc. common stock,[],3009390.0,china
307,cpix,cumberland pharmaceuticals inc. common stock,['cumberland'],24472182.0,united states
308,cprx,catalyst pharmaceuticals inc. common stock,['catalyst'],1828102543.0,united states
309,crbp,corbus pharmaceuticals holdings inc. common stock,['corbus'],39580099.0,united states
314,crmd,cormedix inc. common stock,['cormedix'],221163946.0,united states
315,crnx,crinetics pharmaceuticals inc. common stock,['crinetics'],1215644906.0,united states
318,crvs,corvus pharmaceuticals inc. common stock,['corvus'],56650594.0,united states
321,ctic,cti biopharma corp. (de) common stock,['cti'],643359153.0,united states
323,ctlt,catalent inc. common stock,['catalent'],8588515134.0,united states
324,ctmx,cytomx therapeutics inc. common stock,['cytomx'],112587678.0,united states
326,ctxr,citius pharmaceuticals inc. common stock,['citius'],187941269.0,united states
327,cue,cue biopharma inc. common stock,['cue'],210877966.0,united states
329,cvac,curevac n.v. ordinary shares,['curevac'],1812476931.0,germany
334,cyad,celyad oncology sa american depositary shares,['celyad'],13716791.0,belgium
335,cybn,cybin inc. common shares,['cybin'],57946718.0,
336,cycc,cyclacel pharmaceuticals inc. common stock,['cyclacel'],6816303.0,united states
337,cyccp,cyclacel pharmaceuticals inc. 6% convertible preferred stock,"['cyclacel', '6', '%']",0.0,united states
338,cycn,cyclerion therapeutics inc. common stock,['cyclerion'],12295783.0,united states
340,cyt,cyteir therapeutics inc. common stock,['cyteir'],79314510.0,united states
341,cyth,cyclo therapeutics inc. common stock,['cyclo'],14474930.0,united states
342,cytk,cytokinetics incorporated common stock,['cytokinetics'],3767152874.0,united states
343,cyto,altamira therapeutics ltd. 0.2 common shares (bermuda),"['altamira', '0.2', 'bermuda']",2461059.0,bermuda
344,dare,dare bioscience inc. common stock,['dare'],86170378.0,united states
345,dawn,day one biopharmaceuticals inc. common stock,"['day', 'one']",1004463833.0,united states
346,dbtx,decibel therapeutics inc. common stock,['decibel'],84550646.0,united states
349,dcph,deciphera pharmaceuticals inc. common stock,['deciphera'],1023009915.0,united states
351,derm,journey medical corporation common stock,['journey'],27641478.0,united states
352,dffn,diffusion pharmaceuticals inc. common stock,['diffusion'],7751536.0,united states
353,dice,dice therapeutics inc. common stock,['dice'],1831152901.0,united states
360,drma,dermata therapeutics inc. common stock,['dermata'],1487815.0,united states
361,drmaw,dermata therapeutics inc. warrant,['dermata'],0.0,united states
362,drrx,durect corporation common stock,['durect'],106876444.0,united states
363,drts,alpha tau medical ltd. ordinary shares,"['alpha', 'tau']",200899249.0,israel
366,dsgn,design therapeutics inc. common stock,['design'],433578020.0,united states
367,dtil,precision biosciences inc. common stock,[],94562174.0,united states
369,dvax,dynavax technologies corporation common stock,['dynavax'],1438241499.0,united states
375,ebs,emergent biosolutions inc. common stock,['emergent'],450057801.0,united states
378,edit,editas medicine inc. common stock,['editas'],681042636.0,united states
379,edsa,edesa biotech inc. common shares,['edesa'],21262185.0,united states
380,eftr,effector therapeutics inc. common stock,['effector'],20776597.0,united states
381,eftrw,effector therapeutics inc. warrant,['effector'],0.0,united states
382,egrx,eagle pharmaceuticals inc. common stock,['eagle'],374209350.0,united states
387,elan,elanco animal health incorporated common stock,['elanco'],4593267595.0,united states
388,eldn,eledon pharmaceuticals inc. common stock,['eledon'],37460464.0,united states
389,elev,elevation oncology inc. common stock,['elevation'],93481988.0,united states
391,elox,eloxx pharmaceuticals inc. common stock,['eloxx'],11265051.0,united states
392,elvn,enliven therapeutics inc. common stock,['enliven'],783524727.0,united states
393,elym,eliem therapeutics inc common stock,['eliem'],91441436.0,united states
395,enlv,enlivex therapeutics ltd. ordinary shares,['enlivex'],37025370.0,israel
396,enob,enochian biosciences inc. common stock,['enochian'],72354489.0,united states
397,ensc,ensysce biosciences inc. common stock,['ensysce'],4267744.0,united states
402,envb,enveric biosciences inc. common stock,['enveric'],4218890.0,united states
406,eq,equillium inc. common stock,['equillium'],18239499.0,united states
407,eqrx,eqrx inc.  common stock,['eqrx'],899028926.0,united states
408,eqrxw,eqrx inc. warrant,['eqrx'],0.0,united states
409,eras,erasca inc. common stock,['erasca'],438213938.0,united states
410,erna,eterna therapeutics inc. common stock,['eterna'],16330289.0,united states
412,espr,esperion therapeutics inc. common stock,['esperion'],127372046.0,united states
414,etnb,89bio inc. common stock,['89bio'],1212518611.0,united states
415,eton,eton pharmaceuticals inc. common stock,['eton'],91540314.0,united states
419,evo,evotec se american depositary shares,"['evotec', 'se']",3335557509.0,germany
420,evok,evoke pharma inc. common stock,['evoke'],7354754.0,united states
421,ewtx,edgewise therapeutics inc. common stock,['edgewise'],613013276.0,united states
425,eyen,eyenovia inc. common stock,['eyenovia'],172911834.0,united states
426,eypt,eyepoint pharmaceuticals inc. common stock,['eyepoint'],225535163.0,united states
428,fbio,fortress biotech inc. common stock,['fortress'],95230611.0,united states
429,fbiop,fortress biotech inc. 9.375% series a cumulative redeemable perpetual preferred stock,"['fortress', '9.375', '%']",0.0,united states
430,fbrx,forte biosciences inc. common stock,['forte'],22238083.0,united states
431,fdmt,4d molecular therapeutics inc. common stock,['4d'],561351412.0,united states
434,fgen,fibrogen inc common stock,['fibrogen'],1647259183.0,united states
436,fixx,homology medicines inc. common stock,['homology'],57101651.0,united states
440,fnch,finch therapeutics group inc. common stock,['finch'],18742819.0,united states
441,fold,amicus therapeutics inc. common stock,['amicus'],3430743346.0,united states
443,freq,frequency therapeutics inc. common stock,['frequency'],14185308.0,united states
446,fulc,fulcrum therapeutics inc. common stock,['fulcrum'],175086748.0,united states
448,fwbi,first wave biopharma inc. common stock,"['first', 'wave']",4227412.0,united states
449,galt,galectin therapeutics inc. common stock,['galectin'],101680090.0,united states
450,ganx,gain therapeutics inc. common stock,['gain'],64289021.0,united states
451,gbio,generation bio co. common stock,['generation'],307312874.0,united states
454,gdtc,cytomed therapeutics limited ordinary shares,['cytomed'],0.0,singapore
457,gern,geron corporation common stock,['geron'],1401556236.0,united states
460,ghrs,gh research plc ordinary shares,['gh'],472089205.0,ireland
463,glmd,galmed pharmaceuticals ltd. ordinary shares,['galmed'],8438892.0,israel
464,glpg,galapagos nv american depositary shares,['galapagos'],2813475446.0,belgium
465,glsi,greenwich lifesciences inc. common stock,['greenwich'],144863060.0,united states
466,glto,galecto inc. common stock,['galecto'],55197969.0,denmark
467,glue,monte rosa therapeutics inc. common stock,"['monte', 'rosa']",254199020.0,united states
468,glyc,glycomimetics inc. common stock,['glycomimetics'],98295193.0,united states
474,gnlx,genelux corporation common stock,['genelux'],610890334.0,united states
475,gnpx,genprex inc. common stock,['genprex'],42099003.0,united states
477,goss,gossamer bio inc. common stock,['gossamer'],128229156.0,united states
478,govx,geovax labs inc. common stock,['geovax'],16066955.0,united states
479,govxw,geovax labs inc. warrants,['geovax'],0.0,united states
480,grcl,gracell biotechnologies inc. american depositary shares,"['gracell', 'biotechnologies']",139461512.0,china
481,grfs,grifols s.a. american depositary shares,"['grifols', 's.a.']",5081296098.0,spain
482,gri,gri bio inc. common stock,['gri'],93837100.0,united states
483,grna,greenlight biosciences holdings pbc common stock,"['greenlight', 'pbc']",34977711.0,united states
484,grnaw,greenlight biosciences holdings pbc warrant,"['greenlight', 'pbc']",0.0,united states
488,gtbp,gt biopharma inc. common stock,['gt'],11035419.0,united states
490,gthx,g1 therapeutics inc. common stock,['g1'],158847265.0,united states
493,harp,harpoon therapeutics inc. common stock,['harpoon'],24984995.0,united states
495,hcm,hutchmed (china) limited american depositary shares,['hutchmed'],2764746034.0,hong kong
497,hcwb,hcw biologics inc. common stock,"['hcw', 'biologics']",53112220.0,united states
498,hepa,hepion pharmaceuticals inc. common stock,['hepion'],50128602.0,united states
500,hgen,humanigen inc. common stock,['humanigen'],19338614.0,united states
502,hils,hillstream biopharma inc. common stock,['hillstream'],4890057.0,united states
504,hlvx,hillevax inc. common stock,['hillevax'],553651265.0,united states
505,hook,hookipa pharma inc. common stock,['hookipa'],90291859.0,united states
507,howl,werewolf therapeutics inc. common stock,['werewolf'],99489092.0,united states
509,hrmy,harmony biosciences holdings inc. common stock,['harmony'],2149449548.0,united states
510,hrow,harrow health inc. common stock,['harrow'],809428900.0,united states
511,hrowl,harrow health inc. 8.625% senior notes due 2026,"['harrow', '8.625', '%', 'senior', 'notes', 'due', '2026']",0.0,united states
512,hrowm,harrow health inc. 11.875% senior notes due 2027,"['harrow', '11.875', '%', 'senior', 'notes', 'due', '2027']",0.0,united states
520,huma,humacyte inc. common stock,['humacyte'],478930531.0,united states
521,humaw,humacyte inc. warrant,['humacyte'],0.0,united states
524,ibio,ibio inc. common stock,['ibio'],13560304.0,united states
527,iccc,immucell corporation common stock,['immucell'],37959634.0,united states
528,icpt,intercept pharmaceuticals inc. common stock,['intercept'],677972852.0,united states
529,icu,seastar medical holding corporation common stock,['seastar'],26593032.0,united states
530,icucw,seastar medical holding corporation warrant,['seastar'],0.0,united states
532,icvx,icosavax inc. common stock,['icosavax'],276672794.0,united states
533,idya,ideaya biosciences inc. common stock,['ideaya'],1087683035.0,united states
534,ifrx,inflarx n.v. common stock,['inflarx'],252874635.0,germany
535,igms,igm biosciences inc. common stock,['igm'],555990678.0,united states
538,ikna,ikena oncology inc. common stock,['ikena'],274831797.0,united states
539,ikt,inhibikase therapeutics inc. common stock,['inhibikase'],18835205.0,united states
540,imab,i-mab american depositary shares,['i-mab'],252708414.0,china
544,imgn,immunogen inc. common stock,['immunogen'],2991720239.0,united states
545,immp,immutep limited american depositary shares,['immutep'],145523425.0,australia
548,imnn,imunon inc. common stock,['imunon'],12543909.0,united states
549,impl,impel pharmaceuticals inc. common stock,['impel'],60552955.0,united states
550,imrn,immuron limited american depositary shares,['immuron'],10706521.0,australia
551,imrx,immuneering corporation class a common stock,['immuneering'],218325367.0,united states
554,imux,immunic inc. common stock,['immunic'],73710371.0,united states
555,imvt,immunovant inc. common stock,['immunovant'],1589601856.0,united states
556,inab,in8bio inc. common stock,['in8bio'],57606914.0,united states
558,inbx,inhibrx inc. common stock,['inhibrx'],1171830697.0,united states
559,incr,intercure ltd. ordinary shares,['intercure'],102994322.0,israel
560,indp,indaptus therapeutics inc. common stock,['indaptus'],20751426.0,united states
561,infi,infinity pharmaceuticals inc. common stock,['infinity'],15568394.0,united states
566,inmb,inmune bio inc. common stock,['inmune'],150387438.0,united states
570,insm,insmed incorporated common stock,['insmed'],2661719372.0,united states
572,inva,innoviva inc. common stock,['innoviva'],802525328.0,united states
574,inzy,inozyme pharma inc. common stock,['inozyme'],256199241.0,united states
575,iobt,io biotech inc. common stock,['io'],64834351.0,denmark
577,ions,ionis pharmaceuticals inc. common stock,['ionis'],5175874329.0,united states
578,iova,iovance biotherapeutics inc. common stock,['iovance'],1523671235.0,united states
579,ipa,immunoprecise antibodies ltd. common stock,['immunoprecise'],66939210.0,canada
580,ipha,innate pharma s.a. ads,"['innate', 's.a.', 'ads']",239367143.0,france
584,iron,disc medicine inc. common stock,['disc'],612026460.0,united states
586,irwd,ironwood pharmaceuticals inc. class a common stock,['ironwood'],1651803463.0,united states
587,isee,iveric bio inc. common stock,['iveric'],5205849562.0,united states
590,itci,intra-cellular therapies inc. common stock,['intra-cellular'],6073147391.0,united states
593,itrm,iterum therapeutics plc ordinary share,['iterum'],14381624.0,ireland
594,ivvd,invivyd inc. common stock,['invivyd'],127899984.0,united states
595,jagx,jaguar health inc. common stock,['jaguar'],8869118.0,united states
596,janx,janux therapeutics inc. common stock,['janux'],619133062.0,united states
597,jazz,jazz pharmaceuticals plc common stock (ireland),['jazz'],8821434885.0,ireland
598,jspr,jasper therapeutics inc. common stock,['jasper'],164322242.0,united states
600,jupw,jupiter wellness inc. common stock,"['jupiter', 'wellness']",10928417.0,united states
601,jupww,jupiter wellness inc. warrant,"['jupiter', 'wellness']",0.0,united states
602,ka,kineta inc. common stock,['kineta'],42754665.0,united states
603,kala,kala pharmaceuticals inc. common stock,['kala'],849413468.0,united states
604,kalv,kalvista pharmaceuticals inc. common stock,['kalvista'],329051688.0,united kingdom
606,kdny,chinook therapeutics inc. common stock,['chinook'],1342273890.0,united states
608,kmda,kamada ltd. ordinary shares,['kamada'],220577588.0,israel
609,knsa,kiniksa pharmaceuticals ltd. class a common stock,['kiniksa'],971661003.0,united states
610,knte,kinnate biopharma inc. common stock,['kinnate'],132956345.0,united states
611,kod,kodiak sciences inc common stock,['kodiak'],245235112.0,united states
617,krtx,karuna therapeutics inc. common stock,['karuna'],8189598567.0,united states
619,ktra,kintara therapeutics inc. common stock,['kintara'],5702630.0,united states
620,ktta,pasithea therapeutics corp. common stock,['pasithea'],8363169.0,united states
621,kttaw,pasithea therapeutics corp. warrant,['pasithea'],0.0,united states
624,kzia,kazia therapeutics limited american depositary shares,['kazia'],25337919.0,australia
625,kzr,kezar life sciences inc. common stock,['kezar'],188337999.0,united states
627,lbph,longboard pharmaceuticals inc. common stock,['longboard'],199938150.0,united states
629,lexx,lexaria bioscience corp. common stock,['lexaria'],7848983.0,canada
630,lexxw,lexaria bioscience corp. warrant,['lexaria'],0.0,canada
631,lfcr,lifecore biomedical inc. common stock,['lifecore'],132191747.0,united states
633,lgnd,ligand pharmaceuticals incorporated common stock,['ligand'],1366315003.0,united states
635,lian,lianbio american depositary shares,['lianbio'],243262677.0,united states
637,lipo,lipella pharmaceuticals inc. common stock,['lipella'],10913496.0,united states
639,lixt,lixte biotechnology holdings inc. common stock,['lixte'],9412388.0,united states
640,lixtw,lixte biotechnology holdings inc. warrants,['lixte'],0.0,united states
644,lmnl,liminal biosciences inc. common shares,['liminal'],20674119.0,canada
647,lpcn,lipocine inc. common stock,['lipocine'],20950504.0,united states
650,lrmr,larimar therapeutics inc. common stock,['larimar'],205312354.0,united states
653,ltrn,lantern pharma inc. common stock,['lantern'],54468684.0,united states
657,lumo,lumos pharma inc. common stock,['lumos'],29107117.0,united states
660,lvtx,lava therapeutics n.v. ordinary shares,['lava'],41121390.0,netherlands
662,lyel,lyell immunopharma inc. common stock,['lyell'],624023118.0,united states
664,mack,merrimack pharmaceuticals inc. common stock,['merrimack'],180469617.0,united states
665,maia,maia biotechnology inc. common stock,['maia'],30681067.0,
670,mbrx,moleculin biotech inc. common stock,['moleculin'],23617155.0,united states
671,mcrb,seres therapeutics inc. common stock,['seres'],752912168.0,united states
673,mdgl,madrigal pharmaceuticals inc. common stock,['madrigal'],5546422689.0,united states
675,mdna,medicenna therapeutics corp. common shares,['medicenna'],53272664.0,canada
677,mdxg,mimedx group inc common stock,['mimedx'],658829879.0,united states
680,meip,mei pharma inc. common stock,['mei'],42890674.0,united states
682,mgnx,macrogenics inc. common stock,['macrogenics'],440290583.0,united states
683,mgta,magenta therapeutics inc. common stock,['magenta'],43211999.0,united states
686,mirm,mirum pharmaceuticals inc. common stock,['mirum'],999628497.0,united states
690,mltx,moonlake immunotherapeutics class a ordinary shares,['moonlake'],1408173686.0,united states
691,mlys,mineralys therapeutics inc. common stock,['mineralys'],643320687.0,united states
694,mnkd,mannkind corporation common stock,['mannkind'],1054352967.0,united states
695,mnmd,mind medicine (mindmed) inc. common shares,"['mind', 'mindmed']",128463924.0,canada
696,mnov,medicinova inc common stock,['medicinova'],106430354.0,united states
697,mnpr,monopar therapeutics inc. common stock,['monopar'],10582866.0,united states
699,mor,morphosys ag american depositary shares,['morphosys'],772150764.0,germany
700,morf,morphic holding inc. common stock,['morphic'],2179485524.0,united states
704,mreo,mereo biopharma group plc american depositary shares,['mereo'],154982272.0,united kingdom
705,mrkr,marker therapeutics inc. common stock,['marker'],12405469.0,united states
706,mrns,marinus pharmaceuticals inc. common stock,['marinus'],445992751.0,united states
707,mrsn,mersana therapeutics inc. common stock,['mersana'],776437407.0,united states
708,mrtx,mirati therapeutics inc. common stock,['mirati'],2667556032.0,united states
709,mrus,merus n.v. common shares,['merus'],978452561.0,netherlands
710,mrvi,maravai lifesciences holdings inc. class a common stock,['maravai'],1914890436.0,united states
713,mtnb,matinas biopharma holdings inc. common stock,['matinas'],132227191.0,united states
717,mynz,mainz biomed n.v. ordinary shares,['mainz'],76653584.0,germany
719,nams,newamsterdam pharma company n.v. ordinary shares,['newamsterdam'],1146793563.0,netherlands
720,namsw,newamsterdam pharma company n.v. warrant,['newamsterdam'],0.0,netherlands
723,naut,nautilus biotechnolgy inc. common stock,"['nautilus', 'biotechnolgy']",299679341.0,united states
726,nbrv,nabriva therapeutics plc ordinary shares ireland,['nabriva'],5506504.0,ireland
727,nbse,neubase therapeutics inc.  common stock,['neubase'],5958017.0,united states
728,nbtx,nanobiotix s.a. american depositary shares,"['nanobiotix', 's.a.']",237005527.0,france
729,nby,novabay pharmaceuticals inc. common stock,['novabay'],1994735.0,united states
730,ncna,nucana plc american depositary share,['nucana'],36420106.0,united kingdom
735,nept,neptune wellness solutions inc. ordinary shares,"['neptune', 'wellness']",6957877.0,canada
736,nerv,minerva neurosciences inc common stock,['minerva'],30973119.0,united states
737,nexi,neximmune inc. common stock,['neximmune'],8827556.0,united states
741,nhwk,nighthawk biosciences inc. common stock,['nighthawk'],17809844.0,united states
742,nktr,nektar therapeutics  common stock,['nektar'],155172814.0,united states
743,nktx,nkarta inc. common stock,['nkarta'],227779991.0,united states
744,nlsp,nls pharmaceutics ltd. ordinary shares,"['nls', 'pharmaceutics']",47486274.0,switzerland
745,nlspw,nls pharmaceutics ltd. warrant,"['nls', 'pharmaceutics']",0.0,switzerland
746,nltx,neoleukin therapeutics inc. common stock,['neoleukin'],38095482.0,canada
749,nmtr,9 meters biopharma inc. common stock,"['9', 'meters']",11897742.0,united states
751,nnvc,nanoviricides inc. common stock,['nanoviricides'],14247058.0,united states
752,notv,inotiv inc. common stock,['inotiv'],149942731.0,united states
753,novn,novan inc. common stock,['novan'],32915259.0,united states
755,nrbo,neurobo pharmaceuticals inc. common stock,['neurobo'],14757978.0,united states
757,nrix,nurix therapeutics inc. common stock,['nurix'],461880521.0,united states
758,nrsn,neurosense therapeutics ltd. ordinary shares,['neurosense'],20424306.0,israel
759,nrsnw,neurosense therapeutics ltd. warrant,['neurosense'],0.0,israel
760,nrxp,nrx pharmaceuticals inc. common stock,['nrx'],44372855.0,united states
761,nrxpw,nrx pharmaceuticals inc. warrant,['nrx'],0.0,united states
766,ntrb,nutriband inc. common stock,['nutriband'],27416029.0,united states
767,ntrbw,nutriband inc. warrant,['nutriband'],0.0,united states
771,nuvb,nuvation bio inc. class a common stock,['nuvation'],364308197.0,united states
772,nuvl,nuvalent inc. class a common stock,['nuvalent'],2197309179.0,united states
790,nxtc,nextcure inc. common stock,['nextcure'],44161512.0,united states
793,oabi,omniab inc. common stock,['omniab'],418993885.0,united states
795,ocea,ocean biomedical inc. common stock,['ocean'],0.0,united states
796,oceaw,ocean biomediacal inc. warrants,['ocean'],0.0,united states
797,ocgn,ocugen inc. common stock,['ocugen'],159336816.0,united states
798,ocs,oculis holding ag ordinary shares,['oculis'],0.0,switzerland
799,ocsaw,oculis holding ag warrants,['oculis'],0.0,switzerland
800,ocul,ocular therapeutix inc. common stock,"['ocular', 'therapeutix']",480556631.0,united states
801,ocup,ocuphire pharma inc. common stock,['ocuphire'],129876546.0,united states
802,ocx,oncocyte corporation common stock,['oncocyte'],31251051.0,united states
804,ogen,oragenics inc. common stock,['oragenics'],5519620.0,united states
805,ogi,organigram holdings inc. common shares,['organigram'],161182232.0,canada
806,ogn,organon & co. common stock ,['organon'],5696901283.0,
808,olma,olema pharmaceuticals inc. common stock,['olema'],269591648.0,united states
811,omer,omeros corporation common stock,['omeros'],323253996.0,united states
812,omga,omega therapeutics inc. common stock,['omega'],474299027.0,united states
817,onct,oncternal therapeutics inc. common stock,['oncternal'],18511721.0,united states
818,oncy,oncolytics biotech inc. common shares,['oncolytics'],101614067.0,canada
819,ontx,onconova therapeutics inc. common stock,['onconova'],28730393.0,united states
825,opt,opthea limited american depositary shares,['opthea'],213615194.0,australia
826,optn,optinose inc. common stock,['optinose'],226974448.0,united states
827,orgo,organogenesis holdings inc. class a common stock,['organogenesis'],276781782.0,united states
828,orgs,orgenesis inc. common stock,['orgenesis'],22978249.0,united states
829,oric,oric pharmaceuticals inc. common stock,['oric'],232670669.0,united states
830,ormp,oramed pharmaceuticals inc. common stock,['oramed'],111394676.0,israel
835,ovid,ovid therapeutics inc. common stock,['ovid'],256589096.0,united states
838,pali,palisade bio inc. common stock,['palisade'],26848596.0,united states
839,pasg,passage bio inc. common stock,['passage'],55855791.0,united states
843,pbh,prestige consumer healthcare inc. common stock,['prestige'],3008091421.0,united states
844,pbla,panbela therapeutics inc. common stock,['panbela'],6422184.0,united states
845,pbyi,puma biotechnology inc common stock,['puma'],148319191.0,united states
846,pcrx,pacira biosciences inc. common stock,['pacira'],1960341189.0,united states
847,pcsa,processa pharmaceuticals inc. common stock,['processa'],17681466.0,united states
848,pcvx,vaxcyte inc. common stock,['vaxcyte'],4764862822.0,united states
851,pdsb,pds biotechnology corporation common stock,['pds'],200425470.0,united states
852,pepg,pepgen inc. common stock,['pepgen'],358155489.0,united states
853,petq,petiq inc. class a common stock,['petiq'],343487738.0,united states
859,phar,pharming group n.v. ads each representing 10 ordinary shares,"['pharming', 'ads', 'each', 'representing', '10']",739048096.0,netherlands
860,phat,phathom pharmaceuticals inc. common stock,['phathom'],536970748.0,united states
861,phge,biomx inc. common stock,['biomx'],9788623.0,
862,phio,phio pharmaceuticals corp. common stock,['phio'],5973123.0,united states
864,phvs,pharvaris n.v. ordinary shares,['pharvaris'],305362625.0,netherlands
866,pirs,pieris pharmaceuticals inc. common stock,['pieris'],63713833.0,germany
878,ppbt,purple biotech ltd. american depositary shares,['purple'],41623353.0,israel
879,prax,praxis precision medicines inc. common stock,['praxis'],57108499.0,united states
882,prfx,painreform ltd. ordinary shares,['painreform'],8003818.0,israel
883,prgo,perrigo company plc ordinary shares,['perrigo'],4826103767.0,united states
886,proc,procaps group s.a. ordinary shares,"['procaps', 's.a.']",514478274.0,luxembourg
887,procw,procaps group s.a. warrants,"['procaps', 's.a.']",0.0,luxembourg
889,prph,prophase labs inc. common stock (de),['prophase'],144471609.0,united states
890,prqr,proqr therapeutics n.v. ordinary shares,['proqr'],168099524.0,netherlands
891,prta,prothena corporation plc ordinary shares,['prothena'],4159614880.0,united states
893,prtk,paratek pharmaceuticals inc. common stock,['paratek'],99068950.0,united states
897,ptct,ptc therapeutics inc. common stock,['ptc'],4124790247.0,united states
899,ptgx,protagonist therapeutics inc. common stock,['protagonist'],1405190895.0,united states
900,ptix,protagenic therapeutics inc. common stock,['protagenic'],8468736.0,united states
901,ptixw,protagenic therapeutics inc. warrant,['protagenic'],0.0,united states
902,ptn,palatin technologies inc. common stock,['palatin'],24647423.0,united states
903,ptpi,petros pharmaceuticals inc. common stock,['petros'],7937052.0,united states
904,pulm,pulmatrix inc. common stock,['pulmatrix'],10938594.0,united states
907,pyr,pyrogenesis canada inc. common shares,['pyrogenesis'],131881622.0,canada
908,pyxs,pyxis oncology inc. common stock,['pyxis'],107617305.0,united states
912,qli,qilian international holding group ltd. ordinary shares,['qilian'],41112500.0,china
915,qsi,quantum-si incorporated class a common stock,['quantum-si'],200834313.0,united states
916,qsiaw,quantum-si incorporated warrant,['quantum-si'],0.0,united states
918,qure,uniqure n.v. ordinary shares,['uniqure'],1003545880.0,netherlands
919,rain,rain oncology inc. common stock,['rain'],315268727.0,united states
921,rapt,rapt therapeutics inc. common stock,['rapt'],656305451.0,united states
922,rare,ultragenyx pharmaceutical inc. common stock,['ultragenyx'],3376545206.0,united states
925,rckt,rocket pharmaceuticals inc. common stock,['rocket'],1675427952.0,united states
926,rcus,arcus biosciences inc. common stock,['arcus'],1435249917.0,
927,rdhl,redhill biopharma ltd. american depositary shares,['redhill'],3447076850.0,israel
929,repl,replimune group inc. common stock,['replimune'],997127542.0,united states
930,reta,reata pharmaceuticals inc. class a common stock,['reata'],3852549323.0,united states
932,revb,revelation biosciences inc. common stock,['revelation'],5371344.0,united states
933,revbw,revelation biosciences inc. warrant,['revelation'],0.0,united states
934,rfl,rafael holdings inc. class b common stock,['rafael'],47648805.0,united states
937,rgls,regulus therapeutics inc. common stock,['regulus'],23407963.0,united states
940,rigl,rigel pharmaceuticals inc. common stock,['rigel'],202306156.0,united states
941,rlay,relay therapeutics inc. common stock,['relay'],1370263200.0,united states
942,rlmd,relmada therapeutics inc. common stock,['relmada'],96919434.0,united states
944,rlyb,rallybio corporation common stock,['rallybio'],217040731.0,united states
946,rmti,rockwell medical inc. common stock,['rockwell'],36026172.0,united states
947,rna,avidity biosciences inc. common stock,['avidity'],821726527.0,united states
948,rnaz,transcode therapeutics inc. common stock,['transcode'],5142649.0,united states
950,rnxt,renovorx inc. common stock,['renovorx'],29594313.0,united states
951,roiv,roivant sciences ltd. common shares,['roivant'],6545228031.0,united kingdom
952,roivw,roivant sciences ltd. warrant,['roivant'],0.0,united kingdom
953,rphm,reneo pharmaceuticals inc. common stock,['reneo'],230147257.0,united states
957,rvlp,rvl pharmaceuticals plc ordinary shares,['rvl'],78655248.0,united states
959,rvnc,revance therapeutics inc. common stock,['revance'],2886957669.0,united states
961,rvph,reviva pharmaceuticals holdings inc. common stock ,['reviva'],43772064.0,united states
962,rvphw,reviva pharmaceuticals holdings inc. warrants,['reviva'],0.0,united states
964,rxdx,prometheus biosciences inc. common stock,['prometheus'],9284422704.0,united states
965,rxrx,recursion pharmaceuticals inc. class a common stock,['recursion'],985804512.0,united states
967,rytm,rhythm pharmaceuticals inc. common stock,['rhythm'],958182838.0,united states
968,rzlt,rezolute inc. common stock (nv),['rezolute'],84703404.0,united states
969,sabs,sab biotherapeutics inc. common stock,['sab'],44843929.0,united states
970,sabsw,sab biotherapeutics inc. warrant,['sab'],0.0,united states
971,sage,sage therapeutics inc. common stock,['sage'],2924968440.0,united states
973,sava,cassava sciences inc. common stock,['cassava'],933930686.0,united states
974,sbfm,sunshine biopharma inc. common stock,['sunshine'],12198500.0,canada
975,sbfmw,sunshine biopharma inc. warrant,['sunshine'],0.0,canada
976,sclx,scilex holding company common stock,['scilex'],777454697.0,united states
977,sclxw,scilex holding company warrant,['scilex'],0.0,united states
978,scph,scpharmaceuticals inc. common stock,['scpharmaceuticals'],406336669.0,united states
980,scyx,scynexis inc. common stock,['scynexis'],99972393.0,united states
982,seel,seelos therapeutics inc. common stock,['seelos'],102041156.0,united states
984,selb,selecta biosciences inc. common stock,['selecta'],163284644.0,united states
993,shph,shuttle pharmaceuticals holdings inc. common stock,['shuttle'],17750365.0,united states
996,siga,siga technologies inc. common stock,['siga'],423820862.0,united states
1003,sln,silence therapeutics plc american depository share,['silence'],704130493.0,united kingdom
1004,slno,soleno therapeutics inc. common stock,['soleno'],31654054.0,united states
1005,slrx,salarius pharmaceuticals inc. common stock,['salarius'],4454798.0,united states
1006,sls,sellas life sciences group inc. common stock,['sellas'],48114257.0,united states
1012,sndx,syndax pharmaceuticals inc. common stock,['syndax'],1375045677.0,united states
1013,sngx,soligenix inc. common stock,['soligenix'],3333920.0,united states
1014,snoa,sonoma pharmaceuticals inc. common stock,['sonoma'],4618097.0,united states
1016,snse,sensei biotherapeutics inc. common stock,['sensei'],51102713.0,united states
1017,snti,senti biosciences inc. common stock,['senti'],45493075.0,united states
1021,sppi,spectrum pharmaceuticals inc.common stock,"['spectrum', 'inc.common']",222733689.0,united states
1023,sprc,scisparc ltd. ordinary shares,['scisparc'],4296474.0,israel
1024,spro,spero therapeutics inc. common stock,['spero'],102777894.0,united states
1025,spry,ars pharmaceuticals inc. common stock,['ars'],604467379.0,united states
1031,srrk,scholar rock holding corporation common stock,"['scholar', 'rock']",405483562.0,united states
1039,stok,stoke therapeutics inc. common stock,['stoke'],534187013.0,united states
1040,stro,sutro biopharma inc. common stock,['sutro'],327875003.0,united states
1043,stsa,satsuma pharmaceuticals inc. common stock,['satsuma'],35473173.0,united states
1045,sttk,shattuck labs inc. common stock,['shattuck'],114218094.0,united states
1047,supn,supernus pharmaceuticals inc. common stock,['supernus'],1996176146.0,united states
1048,surf,surface oncology inc. common stock,['surface'],23153499.0,united states
1049,svra,savara inc. common stock,['savara'],230410767.0,united states
1050,swtx,springworks therapeutics inc. common stock,['springworks'],1474302668.0,united states
1051,sxtc,china sxt pharmaceuticals inc. ordinary shares,['sxt'],3680662.0,china
1052,sybx,synlogic inc. common stock,['synlogic'],37487462.0,united states
1054,syrs,syros pharmaceuticals inc. common stock,['syros'],64084668.0,united states
1057,tals,talaris therapeutics inc. common stock,['talaris'],123596014.0,united states
1058,tara,protara therapeutics inc.  common stock,['protara'],35503204.0,united states
1059,taro,taro pharmaceutical industries ltd. ordinary shares,['taro'],1015167906.0,israel
1062,tbph,theravance biopharma inc. ordinary shares,['theravance'],720455837.0,cayman islands
1067,tcrr,tcr2 therapeutics inc. common stock,['tcr2'],75152641.0,united states
1069,tcrx,tscan therapeutics inc. common stock,['tscan'],57415511.0,united states
1073,tern,terns pharmaceuticals inc. common stock,['terns'],706103166.0,united states
1074,teva,teva pharmaceutical industries limited american depositary shares,[],9814754948.0,israel
1076,tgtx,tg therapeutics inc. common stock,['tg'],5010009837.0,united states
1078,thrd,third harmonic bio inc. common stock,"['third', 'harmonic']",192432366.0,united states
1079,thrx,theseus pharmaceuticals inc. common stock,['theseus'],519684209.0,united states
1080,thtx,theratechnologies inc. common shares,['theratechnologies'],93921471.0,canada
1081,til,instil bio inc. common stock,['instil'],86138378.0,united states
1085,tlry,tilray brands inc. common stock ,"['tilray', 'brands']",1233623665.0,canada
1086,tlsa,tiziana life sciences ltd. common shares,['tiziana'],79772639.0,united kingdom
1091,tngx,tango therapeutics inc.,"['tango', '.']",306088575.0,united states
1093,tnxp,tonix pharmaceuticals holding corp. common stock,['tonix'],32591493.0,united states
1096,tovx,theriva biologics inc. common stock,"['theriva', 'biologics']",11153995.0,united states
1097,tpst,tempest therapeutics inc. common stock,['tempest'],22495365.0,united states
1098,trda,entrada therapeutics inc. common stock,['entrada'],396752964.0,united states
1102,trvi,trevi therapeutics inc. common stock,['trevi'],193945660.0,united states
1103,trvn,trevena inc. common stock,['trevena'],5744046.0,united states
1104,tsha,taysha gene therapies inc. common stock,"['taysha', 'gene']",44570986.0,united states
1105,tsvt,2seventy bio inc. common stock ,['2seventy'],572665082.0,united states
1108,tvtx,travere therapeutics inc. common stock,['travere'],1246757030.0,united states
1111,txmd,therapeuticsmd inc. common stock,['therapeuticsmd'],38320167.0,united states
1112,tyra,tyra biosciences inc. common stock,['tyra'],524372754.0,united states
1115,uncy,unicycive therapeutics inc. common stock,['unicycive'],20718017.0,united states
1116,upc,universe pharmaceuticals inc. ordinary shares,['universe'],11316525.0,china
1117,urgn,urogen pharma ltd. ordinary shares,['urogen'],275426122.0,israel
1119,uthr,united therapeutics corporation common stock,['united'],9924296947.0,united states
1121,vacc,vaccitech plc american depositary shares,['vaccitech'],88202084.0,united kingdom
1125,vaxx,vaxxinity inc. class a common stock,['vaxxinity'],284272162.0,united states
1127,vblt,vascular biogenics ltd. ordinary shares,"['vascular', 'biogenics']",13608248.0,israel
1129,vcnx,vaccinex inc. common stock,['vaccinex'],19155844.0,united states
1130,vcyt,veracyte inc. common stock,['veracyte'],1687579986.0,united states
1132,vera,vera therapeutics inc. class a common stock,['vera'],329302651.0,united states
1134,veru,veru inc. common stock,['veru'],117059651.0,united states
1137,vigl,vigil neuroscience inc. common stock,"['vigil', 'neuroscience']",352058009.0,united states
1139,vir,vir biotechnology inc. common stock,['vir'],3259219986.0,united states
1140,viri,virios therapeutics inc. common stock,['virios'],18513694.0,united states
1141,virx,viracta therapeutics inc. common stock,['viracta'],38795044.0,united states
1142,vktx,viking therapeutics inc. common stock,['viking'],2247282411.0,united states
1143,vnda,vanda pharmaceuticals inc. common stock,['vanda'],398084418.0,united states
1145,vor,vor biopharma inc. common stock,['vor'],257699357.0,united states
1148,vrca,verrica pharmaceuticals inc. common stock,['verrica'],277479111.0,united states
1149,vrdn,viridian therapeutics inc. common stock,['viridian'],1133149376.0,united states
1151,vrna,verona pharma plc american depositary share,['verona'],1704957577.0,united kingdom
1153,vstm,verastem inc. common stock,['verastem'],86122759.0,united states
1154,vtgn,vistagen therapeutics inc. common stock,['vistagen'],26889422.0,united states
1155,vtvt,vtv therapeutics inc. class a common stock,['vtv'],61479376.0,united states
1159,vygr,voyager therapeutics inc. common stock,['voyager'],345914018.0,united states
1160,vyne,vyne therapeutics inc. common stock,['vyne'],25951289.0,united states
1161,vynt,vyant bio inc. common stock,['vyant'],1817009.0,united states
1165,wve,wave life sciences ltd. ordinary shares,['wave'],391928852.0,singapore
1167,xbio,xenetic biosciences inc. common stock,['xenetic'],2738859.0,united states
1168,xbiow,xenetic biosciences inc. warrants,['xenetic'],0.0,united states
1170,xcur,exicure inc. common stock,['exicure'],8868718.0,united states
1172,xers,xeris biopharma holdings inc. common stock,['xeris'],330865531.0,united states
1175,xlo,xilio therapeutics inc. common stock,['xilio'],84334539.0,united states
1176,xncr,xencor inc. common stock,['xencor'],1650827090.0,united states
1177,xoma,xoma corporation common stock,['xoma'],206755863.0,united states
1178,xomao,xoma corporation depositary shares rep series b 8.375% cumulative preferred stock,"['xoma', 'rep', '8.375', '%']",0.0,united states
1179,xomap,xoma corporation 8.625% series a cumulative perpetual preferred stock,"['xoma', '8.625', '%']",0.0,united states
1181,xrtx,xortx therapeutics inc. common stock,['xortx'],11880389.0,canada
1182,xtlb,xtl biopharmaceuticals ltd. american depositary shares,['xtl'],6675100.0,israel
1185,ycbd,cbdmd inc. common stock,['cbdmd'],2935065.0,united states
1186,ymab,y-mabs therapeutics inc. common stock,['y-mabs'],305089202.0,united states
1188,zivo,zivo bioscience inc. common stock,['zivo'],27411211.0,united states
1189,zivow,zivo bioscience inc. warrants,['zivo'],0.0,united states
1190,zlab,zai lab limited american depositary shares,"['zai', 'lab']",2821305377.0,china
1195,zvra,zevra therapeutics inc. common stock,['zevra'],169938837.0,united states
1196,zvsa,zyversa therapeutics inc. common stock,['zyversa'],5250796.0,united states
1198,zyne,zynerba pharmaceuticals inc. common stock,['zynerba'],19776307.0,united states
